{"cameraMode":{"drawMode":0,"name":"Shaded","section":"Shading Mode"},"sceneLighting":true,"audioPlay":false,"sceneViewState":{"showFog":true,"showMaterialUpdate":false,"showSkybox":true,"showFlares":true,"showImageEffects":true,"showParticleSystems":true},"in2DMode":false,"pivot":{"x":5.849903583526611,"y":3.024549722671509,"z":-0.20903092622756959},"rotation":{"x":-0.16273583471775056,"y":0.6937424540519714,"z":-0.16559210419654847,"w":-0.6817761063575745},"size":4.196561813354492,"orthographic":false}